{
    "niter": 4197,
    "logz": -19.800949416347095,
    "logzerr": 0.37639979699666865,
    "logz_bs": -19.76316227591008,
    "logz_single": -19.800949416347095,
    "logzerr_tail": 0.009949824703774368,
    "logzerr_bs": 0.3762682662243755,
    "ess": 1072.7115531087181,
    "H": 13.478216340015514,
    "Herr": 0.15937337976451163,
    "posterior": {
        "mean": [
            0.04342287884632016,
            7.729420208458587,
            238657.4476972431,
            9.129920072247078
        ],
        "stdev": [
            0.004671468157423799,
            0.04832646431353723,
            3010.096772500673,
            0.9843921344382335
        ],
        "median": [
            0.0433159606674586,
            7.72780691662636,
            238711.41099094207,
            9.103250533973545
        ],
        "errlo": [
            0.038643969192346014,
            7.679621936768387,
            235595.18166161777,
            8.115425573282407
        ],
        "errup": [
            0.0483105531607039,
            7.77763461260048,
            241690.81835954968,
            10.11898506691239
        ],
        "information_gain_bits": [
            0.4295984823224964,
            -1.397053864056162,
            3.8153263305030083,
            1.6381091953067903
        ]
    },
    "maximum_likelihood": {
        "logl": -4.331917935669876,
        "point": [
            0.04370835775928126,
            7.731169679564295,
            238534.95882973506,
            9.07751424841182
        ],
        "point_untransformed": [
            0.2963544719910157,
            0.4858648915025729,
            0.15392773203303894,
            0.16310056993647276
        ]
    },
    "ncall": 12690,
    "paramnames": [
        "nH",
        "log(R_in*)",
        "T_p",
        "R_ratio"
    ],
    "logzerr_single": 0.2595979231428433,
    "insertion_order_MWW_test": {
        "independent_iterations": Infinity,
        "converged": true
    }
}